Model,Accuracy,Precision,Recall,F1_Score,ROC_AUC,Best_Params,Training_Time
LogisticRegression,0.9997869212247767,0.9996293550778355,1.0,0.9998146431881372,0.9999999275561762,"{'solver': 'liblinear', 'C': 10}",19.554908990859985
NaiveBayes,0.9505657241482176,0.9210508335610823,0.9996662958843159,0.9587496888446356,0.9828861311073093,{'var_smoothing': 1e-07},1.221968173980713
DecisionTree,0.9993607636743304,0.9994067922289782,0.9994809047089358,0.999443847095028,0.9993396058168081,"{'min_samples_split': 5, 'max_depth': 30, 'criterion': 'entropy'}",6.315905570983887
RandomForest,0.9998508448573438,0.9997775718257645,0.999962921764924,0.9998702382055797,0.999999832821945,"{'n_estimators': 100, 'min_samples_split': 2, 'max_depth': 20}",29.457839012145996
SVM,0.9998721527348661,0.9997775800711743,1.0,0.9998887776665555,0.9999999795671266,"{'penalty': 'l2', 'C': 10}",4.543927431106567
MLP_ANN,0.9998934606123884,0.999925840780155,0.999888765294772,0.9999073026937837,0.9999999275561762,"{'hidden_layer_sizes': (50, 50), 'alpha': 0.0001, 'activation': 'tanh'}",30.691178560256958
